Date,units,demand,epidemic,promotion,discount,price,competitor_price,weather_Cloudy,weather_Rainy,weather_Snowy,weather_Sunny
2022-01-01,8601,10060,False,0.15,6.45,68.669,70.85,0.2,0.0,0.6,0.2
2022-01-02,7684,10814,False,0.2,7.35,70.3806,72.4986,0.4,0.0,0.4,0.2
2022-01-03,5965,11317,False,0.35,9.15,69.791,72.1262,0.4,0.0,0.4,0.2
2022-01-04,7859,11469,False,0.45,10.3,69.8443,72.0545,0.4,0.0,0.4,0.2
2022-01-05,9621,11724,False,0.7,14.35,66.819,68.6097,0.2,0.0,0.6,0.2
2022-01-06,9503,10938,False,0.25,7.5,69.6041,72.1883,0.0,0.0,0.6,0.4
2022-01-07,10045,11584,False,0.4,10.0,69.4957,71.94,0.4,0.0,0.4,0.2
2022-01-08,9980,12060,False,0.6,12.55,69.1135,71.3043,0.4,0.0,0.4,0.2
2022-01-09,9661,11427,False,0.15,7.75,70.9526,72.8224,0.4,0.0,0.0,0.6
2022-01-10,9928,11523,False,0.3,8.85,70.6175,72.7296,1.0,0.0,0.0,0.0
2022-01-11,9957,12104,False,0.4,10.0,70.5719,73.325,0.6,0.0,0.0,0.4
2022-01-12,9279,11019,False,0.4,10.3,67.69409999999999,68.3386,0.0,0.0,0.8,0.2
2022-01-13,9904,10990,False,0.4,10.8,68.9118,68.7057,1.0,0.0,0.0,0.0
2022-01-14,9507,11399,False,0.3,9.0,69.9782,70.4785,0.4,0.0,0.2,0.4
2022-01-15,9566,11436,False,0.3,9.35,69.44319999999999,71.9272,0.0,0.0,0.4,0.6
2022-01-16,9218,10629,False,0.35,9.3,68.145,69.9645,0.4,0.0,0.4,0.2
2022-01-17,10074,12036,False,0.45,9.95,68.60340000000001,72.52690000000001,0.2,0.0,0.4,0.4
2022-01-18,9444,10651,False,0.45,10.5,66.4447,68.1416,0.4,0.0,0.6,0.0
2022-01-19,8689,10878,False,0.25,7.6,69.7004,69.93,0.4,0.0,0.4,0.2
2022-01-20,9489,10822,False,0.4,10.25,67.6643,69.7761,0.2,0.0,0.6,0.2
2022-01-21,9905,11327,False,0.35,9.5,69.4982,70.8272,0.0,0.0,0.4,0.6
2022-01-22,9908,12024,False,0.5,10.95,69.67020000000001,72.8343,0.2,0.0,0.2,0.6
2022-01-23,8721,10515,False,0.35,8.85,68.2001,71.476,0.4,0.0,0.4,0.2
2022-01-24,8822,10570,False,0.4,10.25,68.1333,69.6164,0.4,0.0,0.4,0.2
2022-01-25,8434,9818,False,0.25,7.65,67.6211,69.65230000000001,0.2,0.0,0.8,0.0
2022-01-26,9271,10584,False,0.35,9.2,68.33099999999999,69.1629,0.6,0.0,0.4,0.0
2022-01-27,9276,10659,False,0.35,9.25,67.7539,70.7663,0.6,0.0,0.4,0.0
2022-01-28,8945,10522,False,0.2,7.25,69.3845,70.1852,0.2,0.0,0.4,0.4
2022-01-29,9655,11064,False,0.0,4.85,73.4969,74.5219,0.2,0.0,0.0,0.8
2022-01-30,7992,9553,False,0.0,5.25,69.2889,71.3749,0.4,0.0,0.6,0.0
2022-01-31,8592,10028,False,0.0,5.3,70.4056,71.8819,0.6,0.0,0.0,0.4
2022-02-01,9599,10791,False,0.5,10.85,67.2877,67.5624,0.0,0.0,1.0,0.0
2022-02-02,10746,12698,False,0.5,11.7,69.8447,73.7854,0.4,0.0,0.0,0.6
2022-02-03,10531,12779,False,0.6,13.05,69.5168,71.77770000000001,0.8,0.0,0.0,0.2
2022-02-04,9757,11363,False,0.2,7.1,71.9925,73.4345,0.2,0.0,0.4,0.4
2022-02-05,10085,11914,False,0.35,9.75,70.1754,71.9779,0.4,0.0,0.0,0.6
2022-02-06,9298,11354,False,0.25,8.6,69.1753,71.0034,0.4,0.0,0.2,0.4
2022-02-07,9472,11024,False,0.35,9.4,69.5394,70.9279,0.0,0.0,0.6,0.4
2022-02-08,10074,11473,False,0.4,10.05,68.9663,70.3654,0.0,0.0,0.6,0.4
2022-02-09,10699,12391,False,0.3,8.8,72.1205,73.304,0.2,0.0,0.0,0.8
2022-02-10,9761,11510,False,0.3,8.85,70.4389,71.7321,0.4,0.0,0.2,0.4
2022-02-11,9615,11491,False,0.15,6.8,72.3982,73.72980000000001,0.2,0.0,0.2,0.6
2022-02-12,9918,12058,False,0.3,9.2,71.7607,72.9818,0.2,0.0,0.4,0.4
2022-02-13,8646,10607,False,0.4,10.05,67.4893,70.51939999999999,0.4,0.0,0.6,0.0
2022-02-14,10173,12494,False,0.65,13.7,68.6997,70.19069999999999,0.4,0.0,0.4,0.2
2022-02-15,9453,10727,False,0.45,10.65,67.5771,67.66329999999999,0.2,0.0,0.8,0.0
2022-02-16,9800,11804,False,0.35,9.55,71.58970000000001,73.3111,0.4,0.0,0.2,0.4
2022-02-17,9428,10857,False,0.3,8.55,69.7809,73.07390000000001,0.4,0.0,0.2,0.4
2022-02-18,10017,11757,False,0.2,7.45,72.8206,74.9314,0.0,0.0,0.0,1.0
2022-02-19,10253,11873,False,0.3,8.2,71.4497,73.9267,0.4,0.0,0.0,0.6
2022-02-20,9483,11170,False,0.4,8.9,69.564,70.4864,0.4,0.0,0.2,0.4
2022-02-21,9242,10619,False,0.4,10.15,68.3453,69.1324,0.4,0.0,0.4,0.2
2022-02-22,8861,10973,False,0.2,8.15,70.0736,72.4219,0.2,0.0,0.2,0.6
2022-02-23,9999,11769,False,0.4,9.55,70.1432,71.4637,0.0,0.0,0.4,0.6
2022-02-24,8940,10232,False,0.4,9.5,67.5412,68.6871,0.2,0.0,0.8,0.0
2022-02-25,8900,10152,False,0.25,8.0,69.1752,71.1474,0.4,0.0,0.6,0.0
2022-02-26,9367,10514,False,0.25,8.1,69.17699999999999,70.5305,0.8,0.0,0.2,0.0
2022-02-27,10040,12841,False,0.55,12.25,69.7875,72.1926,0.0,0.0,0.4,0.6
2022-02-28,8951,10648,False,0.3,8.75,69.094,70.6271,0.4,0.0,0.6,0.0
2022-03-01,10050,11914,False,0.35,8.75,70.5562,73.0375,0.0,0.2,0.0,0.8
2022-03-02,8775,10250,False,0.2,7.5,68.2757,69.7433,0.8,0.2,0.0,0.0
2022-03-03,10192,11758,False,0.35,9.15,70.22109999999999,71.839,0.0,0.4,0.0,0.6
2022-03-04,10323,12275,False,0.35,8.6,72.19369999999999,72.77850000000001,0.6,0.0,0.0,0.4
2022-03-05,10557,12275,False,0.35,9.85,70.4839,73.8162,0.2,0.2,0.0,0.6
2022-03-06,9349,11354,False,0.3,9.05,69.9501,73.1365,0.2,0.6,0.0,0.2
2022-03-07,9916,11452,False,0.4,10.25,68.7056,69.5256,0.4,0.2,0.0,0.4
2022-03-08,10365,11498,False,0.3,9.1,69.3526,72.064,0.8,0.0,0.0,0.2
2022-03-09,9960,11929,False,0.4,9.75,70.1358,70.7799,0.0,0.4,0.0,0.6
2022-03-10,9335,10574,False,0.35,9.85,66.7721,69.7921,0.0,1.0,0.0,0.0
2022-03-11,9495,10640,False,0.35,8.9,67.7374,69.54090000000001,0.2,0.8,0.0,0.0
2022-03-12,11518,12860,False,0.45,11.55,69.8083,72.6675,0.4,0.0,0.0,0.6
2022-03-13,9555,11547,False,0.3,8.9,70.4785,71.82300000000001,0.0,0.2,0.0,0.8
2022-03-14,8768,10779,False,0.25,8.2,68.7753,70.6712,0.8,0.2,0.0,0.0
2022-03-15,10246,11765,False,0.45,10.4,70.1248,71.5484,0.0,0.4,0.0,0.6
2022-03-16,9999,11852,False,0.45,11.25,68.3111,69.9079,0.4,0.4,0.0,0.2
2022-03-17,9433,11421,False,0.4,9.7,68.7052,69.4036,0.6,0.2,0.0,0.2
2022-03-18,9402,10765,False,0.35,8.7,68.7392,68.7252,0.0,0.8,0.0,0.2
2022-03-19,8776,10226,False,0.3,8.95,67.11,68.415,0.4,0.6,0.0,0.0
2022-03-20,10568,12298,False,0.4,9.4,71.6762,72.82690000000001,0.0,0.4,0.0,0.6
2022-03-21,9938,12065,False,0.2,7.25,72.2817,72.985,0.0,0.0,0.0,1.0
2022-03-22,8670,9826,False,0.3,8.6,66.47149999999999,69.5079,0.2,0.8,0.0,0.0
2022-03-23,9906,11547,False,0.3,8.5,69.5075,70.6186,0.0,0.4,0.0,0.6
2022-03-24,9808,11509,False,0.25,7.65,70.3777,72.5671,0.0,0.2,0.0,0.8
2022-03-25,10629,12256,False,0.55,11.5,69.2921,72.0684,0.8,0.0,0.0,0.2
2022-03-26,10576,12575,False,0.5,11.5,68.9856,72.06569999999999,0.6,0.0,0.0,0.4
2022-03-27,11169,12922,False,0.45,10.7,71.54350000000001,73.687,0.0,0.2,0.0,0.8
2022-03-28,9288,10248,False,0.4,10.25,66.0694,67.34,0.0,1.0,0.0,0.0
2022-03-29,9388,10863,False,0.0,4.45,73.0946,73.04979999999999,0.4,0.2,0.0,0.4
2022-03-30,8982,9902,False,0.0,5.45,68.30369999999999,70.6962,0.8,0.2,0.0,0.0
2022-03-31,8816,10028,False,0.0,4.4,70.8208,72.84819999999999,0.2,0.6,0.0,0.2
2022-04-01,10273,12130,False,0.45,9.75,70.5846,71.4616,0.4,0.2,0.0,0.4
2022-04-02,9787,11258,False,0.35,9.9,68.3699,70.2057,0.0,0.6,0.0,0.4
2022-04-03,9379,11205,False,0.3,8.6,69.1451,72.0102,0.8,0.0,0.0,0.2
2022-04-04,8970,10342,False,0.45,11.3,65.87899999999999,68.165,0.4,0.6,0.0,0.0
2022-04-05,9703,11118,False,0.35,9.7,69.018,70.5323,0.6,0.4,0.0,0.0
2022-04-06,10275,12730,False,0.55,12.0,70.2253,71.6004,0.8,0.0,0.0,0.2
2022-04-07,10231,11670,False,0.4,10.05,69.8422,72.3196,0.2,0.2,0.0,0.6
2022-04-08,10259,12304,False,0.55,11.3,69.1376,72.0256,0.0,0.4,0.0,0.6
2022-04-09,8893,10240,False,0.3,9.1,67.5878,68.9271,0.4,0.4,0.0,0.2
2022-04-10,9237,10442,False,0.15,7.25,69.0932,72.2165,0.6,0.4,0.0,0.0
2022-04-11,9946,11989,False,0.45,10.85,69.3917,71.0642,0.4,0.2,0.0,0.4
2022-04-12,10528,12767,False,0.55,12.45,69.9461,70.7346,0.4,0.0,0.0,0.6
2022-04-13,10028,11980,False,0.35,10.15,70.80900000000001,71.5573,0.4,0.0,0.0,0.6
2022-04-14,9226,10815,False,0.2,7.6,70.1566,73.0385,0.2,0.4,0.0,0.4
2022-04-15,9632,11805,False,0.3,9.05,71.1551,71.2892,0.0,0.2,0.0,0.8
2022-04-16,8750,10107,False,0.35,9.55,68.05680000000001,68.3166,0.2,0.6,0.0,0.2
2022-04-17,10089,11537,False,0.35,9.55,70.1443,71.7886,0.6,0.0,0.0,0.4
2022-04-18,10083,11676,False,0.3,8.3,69.9401,72.9034,0.8,0.0,0.0,0.2
2022-04-19,10136,12301,False,0.5,11.7,69.4499,71.5342,0.4,0.2,0.0,0.4
2022-04-20,10467,12362,False,0.3,9.45,72.0227,74.2331,0.2,0.2,0.0,0.6
2022-04-21,8888,10197,False,0.4,10.15,67.003,68.16149999999999,0.0,1.0,0.0,0.0
2022-04-22,8656,10163,False,0.15,6.25,69.31689999999999,70.4282,0.0,0.8,0.0,0.2
2022-04-23,6010,6686,True,0.2,7.8,61.431999999999995,62.5009,0.2,0.0,0.0,0.8
2022-04-24,6398,7357,True,0.45,11.2,59.1958,61.6045,0.0,0.6,0.0,0.4
2022-04-25,6842,7732,True,0.4,10.55,61.10189999999999,61.9257,0.0,0.2,0.0,0.8
2022-04-26,5602,6201,True,0.2,6.95,59.804300000000005,61.9534,0.2,0.8,0.0,0.0
2022-04-27,5782,6825,True,0.3,9.1,60.6087,60.7992,0.2,0.4,0.0,0.4
2022-04-28,5854,6834,True,0.4,9.8,59.741800000000005,60.210100000000004,0.6,0.2,0.0,0.2
2022-04-29,5578,6294,True,0.0,4.9,61.8784,62.7983,0.0,0.4,0.0,0.6
2022-04-30,5310,6009,True,0.0,4.25,61.24100000000001,62.203,0.0,0.4,0.0,0.6
2022-05-01,6289,6875,True,0.5,11.1,58.626599999999996,60.145900000000005,0.4,0.2,0.0,0.4
2022-05-02,5816,6819,True,0.25,7.55,61.2112,63.4095,0.0,0.6,0.0,0.4
2022-05-03,5941,6818,True,0.2,7.55,61.256099999999996,63.6514,0.2,0.2,0.0,0.6
2022-05-04,5765,6766,True,0.35,10.4,59.3479,59.8472,0.6,0.2,0.0,0.2
2022-05-05,6417,7077,True,0.2,7.9,61.525299999999994,62.5929,0.4,0.4,0.0,0.2
2022-05-06,6393,7419,True,0.45,10.35,60.3106,61.03229999999999,0.0,0.4,0.0,0.6
2022-05-07,6278,6856,True,0.25,8.2,61.2254,61.9828,0.2,0.4,0.0,0.4
2022-05-08,5980,7269,True,0.3,8.5,61.378499999999995,62.9014,0.4,0.4,0.0,0.2
2022-05-09,5833,6669,True,0.2,7.7,60.7041,61.1456,0.8,0.0,0.0,0.2
2022-05-10,6205,7088,True,0.3,9.3,60.1828,60.2461,0.0,0.4,0.0,0.6
2022-05-11,5906,6982,True,0.3,8.15,61.126099999999994,63.0521,0.8,0.0,0.0,0.2
2022-05-12,5649,6443,True,0.35,9.15,59.116800000000005,59.677,0.4,0.6,0.0,0.0
2022-05-13,5765,6694,True,0.35,8.65,59.79559999999999,61.9538,0.0,0.4,0.0,0.6
2022-05-14,6192,7077,True,0.45,10.65,59.703599999999994,61.0463,0.4,0.6,0.0,0.0
2022-05-15,5998,7169,True,0.45,10.1,60.3187,61.71810000000001,0.6,0.0,0.0,0.4
2022-05-16,6130,6924,True,0.3,9.35,60.5234,61.4305,0.2,0.4,0.0,0.4
2022-05-17,6411,7295,True,0.4,9.7,60.5336,61.4675,0.2,0.2,0.0,0.6
2022-05-18,5242,6297,True,0.4,9.7,58.1764,59.9512,0.8,0.2,0.0,0.0
2022-05-19,6075,7137,True,0.45,10.2,60.2642,60.8829,0.6,0.4,0.0,0.0
2022-05-20,6745,7658,True,0.55,12.2,58.9966,61.0028,0.6,0.2,0.0,0.2
2022-05-21,6038,6776,True,0.4,9.1,60.491899999999994,63.583800000000004,0.4,0.4,0.0,0.2
2022-05-22,5981,7083,True,0.2,8.05,61.482,62.2812,0.4,0.0,0.0,0.6
2022-05-23,5471,6715,True,0.35,8.85,60.412600000000005,62.177699999999994,0.4,0.6,0.0,0.0
2022-05-24,6095,6729,True,0.35,9.1,60.743599999999994,62.2389,0.4,0.6,0.0,0.0
2022-05-25,6510,7250,True,0.5,10.85,61.0719,61.1784,0.6,0.0,0.0,0.4
2022-05-26,8697,10744,False,0.4,10.75,67.8221,68.2749,0.0,0.6,0.0,0.4
2022-05-27,9571,12001,False,0.5,11.7,68.8043,70.2454,0.8,0.0,0.0,0.2
2022-05-28,9424,11180,False,0.3,9.6,68.15690000000001,69.0339,0.4,0.2,0.0,0.4
2022-05-29,8845,10770,False,0.0,4.65,71.68,74.6728,0.6,0.0,0.0,0.4
2022-05-30,9196,10253,False,0.0,5.3,70.2275,71.2253,0.6,0.2,0.0,0.2
2022-05-31,9091,10279,False,0.0,4.7,71.33239999999999,73.8265,0.8,0.2,0.0,0.0
2022-06-01,9544,11408,False,0.5,11.45,67.6024,70.9372,0.4,0.6,0.0,0.0
2022-06-02,10039,11872,False,0.25,8.5,71.6537,72.1711,0.4,0.2,0.0,0.4
2022-06-03,9818,12073,False,0.3,9.1,72.9471,73.6454,0.2,0.2,0.0,0.6
2022-06-04,9170,11415,False,0.35,8.6,70.605,71.2424,0.4,0.4,0.0,0.2
2022-06-05,9145,11067,False,0.2,6.8,70.9554,72.5622,0.6,0.4,0.0,0.0
2022-06-06,9561,10831,False,0.25,9.3,67.437,68.24510000000001,0.2,0.8,0.0,0.0
2022-06-07,8889,9906,False,0.2,7.5,68.51010000000001,69.421,0.0,1.0,0.0,0.0
2022-06-08,10667,12552,False,0.45,10.4,70.7655,72.8488,0.2,0.4,0.0,0.4
2022-06-09,9669,11729,False,0.35,9.95,69.0855,69.803,0.8,0.2,0.0,0.0
2022-06-10,9891,11905,False,0.35,8.9,70.5667,71.8325,0.4,0.4,0.0,0.2
2022-06-11,11391,13048,False,0.3,8.6,71.86189999999999,73.9427,0.0,0.2,0.0,0.8
2022-06-12,10883,12724,False,0.3,8.55,72.1155,74.7312,0.4,0.2,0.0,0.4
2022-06-13,9602,11706,False,0.35,10.05,69.5466,70.6734,0.2,0.6,0.0,0.2
2022-06-14,10181,12055,False,0.2,8.3,70.6241,72.7034,0.0,0.4,0.0,0.6
2022-06-15,10798,12542,False,0.55,12.05,68.6825,71.1415,0.2,0.6,0.0,0.2
2022-06-16,9928,11116,False,0.45,9.45,67.6487,68.8563,0.2,0.8,0.0,0.0
2022-06-17,10361,12536,False,0.3,8.7,72.18270000000001,73.4774,0.2,0.4,0.0,0.4
2022-06-18,9321,10856,False,0.45,11.65,66.28529999999999,70.0779,0.6,0.4,0.0,0.0
2022-06-19,10430,12114,False,0.45,10.45,69.063,73.0866,0.6,0.4,0.0,0.0
2022-06-20,10095,12511,False,0.5,11.6,68.4406,69.7472,1.0,0.0,0.0,0.0
2022-06-21,10644,12745,False,0.3,8.55,72.45779999999999,74.4993,0.6,0.0,0.0,0.4
2022-06-22,10749,12555,False,0.5,11.25,70.4931,73.4145,0.4,0.2,0.0,0.4
2022-06-23,9380,10832,False,0.3,9.1,68.4129,68.5256,0.2,0.6,0.0,0.2
2022-06-24,10006,11949,False,0.35,9.0,70.8709,72.0321,0.0,0.4,0.0,0.6
2022-06-25,10248,12097,False,0.35,9.5,71.0842,70.7937,0.6,0.4,0.0,0.0
2022-06-26,11178,13349,False,0.6,12.45,71.36930000000001,74.7375,0.2,0.2,0.0,0.6
2022-06-27,9709,11636,False,0.25,7.75,70.7517,74.41149999999999,0.2,0.4,0.0,0.4
2022-06-28,10510,11950,False,0.3,8.85,71.0188,72.4282,0.6,0.0,0.0,0.4
2022-06-29,5461,6338,True,0.0,5.3,61.453199999999995,63.5845,0.4,0.4,0.0,0.2
2022-06-30,5548,6308,True,0.0,4.55,61.943999999999996,62.9965,0.0,0.8,0.0,0.2
2022-07-01,5774,6760,True,0.25,8.25,60.7544,62.2117,0.4,0.4,0.0,0.2
2022-07-02,5552,6408,True,0.35,8.7,59.3637,62.13399999999999,0.2,0.8,0.0,0.0
2022-07-03,6701,7698,True,0.35,9.4,61.9495,64.1065,0.2,0.2,0.0,0.6
2022-07-04,6950,7834,True,0.25,8.2,62.6105,63.9646,0.2,0.2,0.0,0.6
2022-07-05,5841,7014,True,0.45,10.15,59.965,62.5194,0.2,0.6,0.0,0.2
2022-07-06,6479,7516,True,0.3,8.35,62.1812,63.364,0.0,0.8,0.0,0.2
2022-07-07,6788,7819,True,0.35,9.45,62.4571,64.4562,0.4,0.2,0.0,0.4
2022-07-08,6774,7804,True,0.25,8.25,63.1203,62.48609999999999,0.4,0.0,0.0,0.6
2022-07-09,6095,7485,True,0.45,11.35,60.867200000000004,62.05350000000001,0.4,0.6,0.0,0.0
2022-07-10,6661,7656,True,0.3,8.4,62.304899999999996,63.6975,0.8,0.0,0.0,0.2
2022-07-11,6257,7186,True,0.4,10.4,60.076,61.665,0.6,0.2,0.0,0.2
2022-07-12,6271,7348,True,0.25,8.0,61.6436,64.0598,0.4,0.2,0.0,0.4
2022-07-13,6716,7672,True,0.3,7.8,62.6661,65.225,0.0,0.2,0.0,0.8
2022-07-14,6465,7304,True,0.4,9.95,60.3771,61.6759,0.6,0.2,0.0,0.2
2022-07-15,6380,7261,True,0.4,10.7,59.1826,59.8038,0.2,0.6,0.0,0.2
2022-07-16,6267,7406,True,0.3,9.1,61.9115,63.580799999999996,0.4,0.2,0.0,0.4
2022-07-17,6510,7834,True,0.4,9.85,61.251999999999995,62.5672,0.6,0.2,0.0,0.2
2022-07-18,6005,6716,True,0.1,6.55,62.4155,64.7621,0.4,0.4,0.0,0.2
2022-07-19,6180,7024,True,0.25,8.95,60.95270000000001,60.6888,0.4,0.6,0.0,0.0
2022-07-20,6208,6911,True,0.25,8.35,60.5678,62.010799999999996,0.0,0.8,0.0,0.2
2022-07-21,5975,6806,True,0.3,8.75,59.3706,59.8876,0.4,0.6,0.0,0.0
2022-07-22,6660,7803,True,0.55,11.3,60.7448,64.1871,0.4,0.2,0.0,0.4
2022-07-23,7466,8630,True,0.55,11.6,62.6435,64.84989999999999,0.2,0.0,0.0,0.8
2022-07-24,5703,7046,True,0.5,11.25,58.819700000000005,59.471000000000004,0.2,0.8,0.0,0.0
2022-07-25,9478,11443,False,0.45,10.9,68.4345,69.6865,0.2,0.6,0.0,0.2
2022-07-26,10501,13772,False,0.5,11.25,71.9707,72.4765,0.0,0.2,0.0,0.8
2022-07-27,9476,12475,False,0.5,10.95,69.9562,73.1566,0.4,0.6,0.0,0.0
2022-07-28,9709,12347,False,0.3,9.7,70.8624,74.3951,0.0,0.2,0.0,0.8
2022-07-29,8366,9962,False,0.0,4.3,69.9607,72.881,0.2,0.8,0.0,0.0
2022-07-30,9827,11425,False,0.0,5.25,72.5939,75.4665,0.2,0.4,0.0,0.4
2022-07-31,10122,11371,False,0.0,4.3,73.7812,75.61359999999999,0.2,0.2,0.0,0.6
2022-08-01,9543,11018,False,0.2,7.8,70.1074,72.0614,0.0,0.6,0.0,0.4
2022-08-02,9997,11890,False,0.5,11.8,67.7347,69.79769999999999,0.4,0.4,0.0,0.2
2022-08-03,10465,12460,False,0.4,9.7,71.6751,72.4268,0.4,0.2,0.0,0.4
2022-08-04,10541,12061,False,0.4,9.15,69.9879,71.8852,0.2,0.4,0.0,0.4
2022-08-05,10100,11758,False,0.35,9.2,70.8894,71.3801,0.8,0.2,0.0,0.0
2022-08-06,10198,12528,False,0.25,8.4,73.4779,74.9193,0.2,0.2,0.0,0.6
2022-08-07,10271,12199,False,0.4,11.1,69.3179,71.4835,0.6,0.4,0.0,0.0
2022-08-08,9864,11325,False,0.4,10.15,69.4034,69.8208,0.2,0.8,0.0,0.0
2022-08-09,11119,12839,False,0.4,9.1,71.7073,74.41109999999999,0.0,0.4,0.0,0.6
2022-08-10,9437,11145,False,0.35,9.35,68.722,69.8918,0.2,0.6,0.0,0.2
2022-08-11,9843,11421,False,0.25,8.15,69.9504,72.3352,0.8,0.2,0.0,0.0
2022-08-12,9735,11440,False,0.3,8.45,69.7743,71.36149999999999,0.6,0.2,0.0,0.2
2022-08-13,9875,11353,False,0.3,9.6,70.1041,70.1752,0.6,0.4,0.0,0.0
2022-08-14,10129,12114,False,0.35,9.65,70.7012,72.3004,0.2,0.2,0.0,0.6
2022-08-15,10490,11844,False,0.35,9.55,70.4804,72.1675,0.6,0.4,0.0,0.0
2022-08-16,10647,12029,False,0.45,11.2,69.4276,70.9078,0.4,0.4,0.0,0.2
2022-08-17,10456,12606,False,0.3,8.85,71.1329,73.7915,0.8,0.0,0.0,0.2
2022-08-18,10261,12655,False,0.35,10.0,70.82350000000001,74.5145,0.0,0.2,0.0,0.8
2022-08-19,9393,10975,False,0.4,10.25,68.3183,71.0561,0.4,0.6,0.0,0.0
2022-08-20,10093,12221,False,0.35,9.05,71.29270000000001,74.26140000000001,0.4,0.4,0.0,0.2
2022-08-21,10332,12185,False,0.35,9.7,69.93130000000001,71.1253,0.4,0.2,0.0,0.4
2022-08-22,10836,12012,False,0.3,8.25,71.2641,75.389,0.0,0.6,0.0,0.4
2022-08-23,10428,12313,False,0.25,7.75,72.8082,75.0237,0.6,0.0,0.0,0.4
2022-08-24,9829,11611,False,0.35,9.25,69.9365,71.3022,0.4,0.4,0.0,0.2
2022-08-25,11555,13494,False,0.45,10.6,72.3228,75.0107,0.2,0.2,0.0,0.6
2022-08-26,10261,11971,False,0.45,10.25,70.33850000000001,72.0291,0.4,0.6,0.0,0.0
2022-08-27,10971,13033,False,0.3,9.35,72.0087,75.7514,0.4,0.2,0.0,0.4
2022-08-28,11295,13021,False,0.5,11.05,71.80810000000001,73.5998,0.4,0.2,0.0,0.4
2022-08-29,9378,10782,False,0.0,4.9,71.4091,72.693,0.4,0.6,0.0,0.0
2022-08-30,9732,11228,False,0.0,4.3,73.02890000000001,74.76650000000001,0.8,0.0,0.0,0.2
2022-08-31,9631,10906,False,0.0,4.5,72.32520000000001,74.1015,0.4,0.4,0.0,0.2
2022-09-01,9577,11246,False,0.55,12.55,67.2933,67.3494,0.2,0.4,0.2,0.2
2022-09-02,9962,11928,False,0.35,8.4,71.58539999999999,72.8907,0.0,0.0,0.2,0.8
2022-09-03,10090,11810,False,0.25,8.05,70.4201,73.33800000000001,0.0,0.2,0.2,0.6
2022-09-04,9907,12040,False,0.45,10.7,69.6983,70.7124,0.6,0.0,0.2,0.2
2022-09-05,9434,10762,False,0.3,9.15,68.9151,68.3212,0.2,0.0,0.6,0.2
2022-09-06,9725,11273,False,0.4,9.95,68.6546,70.98479999999999,0.0,0.0,0.4,0.6
2022-09-07,8756,10577,False,0.25,8.65,68.8815,70.5282,0.2,0.2,0.2,0.4
2022-09-08,9002,10650,False,0.4,10.15,67.3013,69.5403,0.4,0.0,0.4,0.2
2022-09-09,9624,10980,False,0.5,11.8,66.5783,68.0123,0.6,0.0,0.2,0.2
2022-09-10,8596,9945,False,0.15,6.9,68.0806,70.8197,0.0,0.2,0.4,0.4
2022-09-11,9813,11279,False,0.4,9.65,69.8388,72.31649999999999,0.8,0.0,0.0,0.2
2022-09-12,8536,9804,False,0.15,6.15,68.5605,69.6157,0.2,0.2,0.6,0.0
2022-09-13,9033,10275,False,0.25,7.9,68.7531,68.8265,0.0,0.6,0.2,0.2
2022-09-14,8821,10313,False,0.45,11.1,66.7814,68.3658,0.2,0.6,0.2,0.0
2022-09-15,10164,12000,False,0.4,9.45,71.7651,73.11449999999999,0.4,0.0,0.0,0.6
2022-09-16,9394,10783,False,0.4,9.95,68.9346,69.8631,0.0,0.0,0.6,0.4
2022-09-17,9744,11014,False,0.4,10.25,69.0029,71.2252,0.8,0.2,0.0,0.0
2022-09-18,9200,10849,False,0.45,11.1,66.75359999999999,69.2715,0.2,0.6,0.0,0.2
2022-09-19,9113,10898,False,0.45,10.15,68.6945,70.2032,0.0,0.2,0.2,0.6
2022-09-20,8461,9832,False,0.2,7.55,68.733,70.7336,0.0,0.4,0.0,0.6
2022-09-21,8738,9975,False,0.55,10.9,66.2812,68.8119,0.0,0.8,0.0,0.2
2022-09-22,8432,10230,False,0.45,10.0,66.6566,68.97,0.0,0.4,0.6,0.0
2022-09-23,9947,11271,False,0.25,7.75,70.4826,72.8046,0.2,0.2,0.0,0.6
2022-09-24,9352,11592,False,0.2,7.8,71.4673,72.8817,0.0,0.0,0.0,1.0
2022-09-25,8490,9804,False,0.3,9.15,66.4962,67.22359999999999,0.2,0.2,0.6,0.0
2022-09-26,10579,12493,False,0.35,10.1,69.9874,72.598,0.0,0.4,0.0,0.6
2022-09-27,9177,10739,False,0.3,8.25,68.454,70.8658,0.4,0.0,0.2,0.4
2022-09-28,8564,10042,False,0.45,10.9,65.5732,66.1684,0.2,0.8,0.0,0.0
2022-09-29,8676,10272,False,0.0,5.1,70.36269999999999,73.6376,0.4,0.4,0.0,0.2
2022-09-30,8244,9588,False,0.0,5.05,68.1788,70.1695,0.4,0.6,0.0,0.0
2022-10-01,8277,9611,False,0.25,7.4,66.8567,68.8126,0.0,0.6,0.4,0.0
2022-10-02,9981,11151,False,0.35,8.75,69.3813,72.3744,0.0,0.4,0.0,0.6
2022-10-03,8834,10409,False,0.2,7.7,68.7967,69.88770000000001,0.0,0.0,0.8,0.2
2022-10-04,8915,10527,False,0.2,7.25,69.2007,70.3225,0.2,0.4,0.2,0.2
2022-10-05,8938,10731,False,0.4,10.1,67.32440000000001,69.3444,0.0,0.6,0.2,0.2
2022-10-06,9008,10895,False,0.35,9.8,68.692,71.2376,0.2,0.0,0.6,0.2
2022-10-07,9754,11126,False,0.45,11.3,67.5837,68.8896,0.0,0.2,0.4,0.4
2022-10-08,9651,11192,False,0.35,9.35,69.3277,70.3285,0.0,0.4,0.2,0.4
2022-10-09,9270,10557,False,0.4,10.6,66.7192,68.33930000000001,0.6,0.0,0.2,0.2
2022-10-10,9250,10899,False,0.35,9.3,68.7763,70.6194,0.2,0.4,0.2,0.2
2022-10-11,9900,11312,False,0.4,9.65,69.5929,71.53649999999999,0.0,0.4,0.2,0.4
2022-10-12,9870,11240,False,0.3,8.35,70.763,73.1397,0.0,0.4,0.0,0.6
2022-10-13,9117,11374,False,0.45,10.85,68.79440000000001,70.83229999999999,0.8,0.2,0.0,0.0
2022-10-14,8888,10431,False,0.45,10.7,67.5754,69.8223,0.0,0.6,0.4,0.0
2022-10-15,10134,12403,False,0.45,10.15,70.5942,72.6319,0.0,0.2,0.0,0.8
2022-10-16,9306,10816,False,0.3,8.6,68.7613,70.32300000000001,0.4,0.0,0.4,0.2
2022-10-17,8123,10329,False,0.35,9.65,67.0328,68.54090000000001,0.4,0.2,0.4,0.0
2022-10-18,8802,10505,False,0.45,11.25,66.08109999999999,67.9734,0.0,0.2,0.6,0.2
2022-10-19,8806,10126,False,0.45,11.25,66.5615,68.47579999999999,0.0,0.6,0.2,0.2
2022-10-20,8004,9347,False,0.2,7.1,66.9989,68.99029999999999,0.2,0.4,0.4,0.0
2022-10-21,8799,10199,False,0.35,9.3,67.1335,68.8913,0.4,0.4,0.2,0.0
2022-10-22,9426,10937,False,0.4,9.7,68.6199,70.0128,0.6,0.4,0.0,0.0
2022-10-23,9894,11246,False,0.25,8.45,70.90090000000001,72.0389,0.2,0.4,0.0,0.4
2022-10-24,9490,11353,False,0.45,10.55,68.5309,72.66770000000001,0.4,0.0,0.0,0.6
2022-10-25,7939,9322,False,0.15,7.35,66.1731,70.7214,0.2,0.6,0.0,0.2
2022-10-26,7565,9381,False,0.3,8.3,65.71350000000001,67.7348,0.0,0.4,0.6,0.0
2022-10-27,9343,10819,False,0.45,10.5,66.8594,70.4554,0.6,0.4,0.0,0.0
2022-10-28,9848,11954,False,0.55,12.1,69.0079,70.0343,0.0,0.6,0.0,0.4
2022-10-29,8344,10192,False,0.0,5.25,70.1308,70.1406,0.0,0.2,0.2,0.6
2022-10-30,8403,9779,False,0.0,5.95,69.611,69.8095,0.4,0.0,0.6,0.0
2022-10-31,8348,9702,False,0.0,4.7,69.79939999999999,70.9633,0.2,0.0,0.6,0.2
2022-11-01,9586,11112,False,0.4,10.3,68.9059,69.16329999999999,0.4,0.2,0.2,0.2
2022-11-02,9480,11091,False,0.4,9.95,69.2995,69.1909,0.0,0.2,0.4,0.4
2022-11-03,8031,9503,False,0.15,6.95,67.925,69.6325,0.0,0.2,0.8,0.0
2022-11-04,9596,11012,False,0.25,8.05,69.8975,73.2406,0.4,0.2,0.0,0.4
2022-11-05,10027,11890,False,0.4,9.3,70.0446,72.4429,0.4,0.0,0.2,0.4
2022-11-06,8971,10953,False,0.45,10.3,68.44,69.50619999999999,0.2,0.4,0.2,0.2
2022-11-07,9522,11070,False,0.5,10.95,68.1288,70.5617,0.2,0.0,0.6,0.2
2022-11-08,9237,10671,False,0.3,8.25,68.5307,71.4631,0.4,0.2,0.2,0.2
2022-11-09,9332,11012,False,0.4,9.35,69.9832,71.93520000000001,0.0,0.4,0.2,0.4
2022-11-10,9415,11157,False,0.4,10.55,67.7872,69.8669,0.0,0.4,0.0,0.6
2022-11-11,8509,9777,False,0.3,8.5,66.9268,69.6678,0.2,0.4,0.4,0.0
2022-11-12,10448,12531,False,0.6,12.2,68.8287,69.81869999999999,0.4,0.2,0.0,0.4
2022-11-13,9331,10892,False,0.35,9.85,68.7628,70.0404,0.2,0.4,0.2,0.2
2022-11-14,8599,10350,False,0.25,8.15,68.9516,70.2486,0.0,0.6,0.2,0.2
2022-11-15,9674,11763,False,0.4,9.95,70.2105,69.62230000000001,0.8,0.0,0.0,0.2
2022-11-16,9608,10893,False,0.25,8.15,69.3396,69.795,0.0,0.0,0.2,0.8
2022-11-17,9530,11433,False,0.35,8.8,69.7176,71.0257,0.0,0.4,0.4,0.2
2022-11-18,9604,11423,False,0.4,9.9,69.8582,70.7891,0.4,0.2,0.2,0.2
2022-11-19,9902,11431,False,0.5,11.9,68.1904,70.97359999999999,0.0,0.4,0.2,0.4
2022-11-20,8424,9775,False,0.25,8.45,67.0225,70.5267,0.0,0.2,0.6,0.2
2022-11-21,9371,11082,False,0.25,8.15,69.8879,71.601,0.8,0.0,0.2,0.0
2022-11-22,8529,10016,False,0.3,8.7,68.0814,70.0855,0.6,0.4,0.0,0.0
2022-11-23,8800,10501,False,0.4,9.85,66.9458,66.9949,0.0,0.6,0.2,0.2
2022-11-24,10218,12044,False,0.4,10.1,70.0918,70.39479999999999,0.2,0.0,0.2,0.6
2022-11-25,8713,10053,False,0.4,10.0,67.483,68.4955,0.2,0.4,0.2,0.2
2022-11-26,9889,11467,False,0.3,9.45,69.9333,71.9143,0.2,0.2,0.0,0.6
2022-11-27,8451,10073,False,0.25,7.65,68.7867,71.2465,0.2,0.4,0.2,0.2
2022-11-28,8615,9830,False,0.4,10.1,65.9003,66.6344,0.0,0.0,0.8,0.2
2022-11-29,8317,9578,False,0.0,4.95,69.3859,70.7311,0.2,0.4,0.2,0.2
2022-11-30,9059,10023,False,0.0,5.65,69.61359999999999,71.8306,0.0,0.2,0.2,0.6
2022-12-01,7672,9264,False,0.35,10.1,64.77590000000001,67.2179,0.4,0.0,0.6,0.0
2022-12-02,9287,11230,False,0.15,6.05,71.4627,72.7795,0.4,0.0,0.0,0.6
2022-12-03,9579,10845,False,0.35,9.05,68.546,71.75569999999999,0.0,0.0,0.6,0.4
2022-12-04,9369,10872,False,0.3,8.35,69.3451,71.09140000000001,0.6,0.0,0.2,0.2
2022-12-05,10441,12348,False,0.45,10.05,70.0322,72.7969,0.2,0.0,0.2,0.6
2022-12-06,9887,11577,False,0.2,8.25,70.6088,72.9076,0.2,0.0,0.0,0.8
2022-12-07,9685,11111,False,0.3,8.7,69.5335,69.2021,0.4,0.0,0.4,0.2
2022-12-08,9592,11312,False,0.25,8.2,70.1619,72.9388,0.4,0.0,0.0,0.6
2022-12-09,10562,12200,False,0.4,9.4,71.62270000000001,73.82600000000001,0.2,0.0,0.2,0.6
2022-12-10,8752,10423,False,0.35,9.75,66.69279999999999,68.5679,0.2,0.0,0.4,0.4
2022-12-11,8926,10512,False,0.4,11.1,66.3401,68.09230000000001,0.4,0.0,0.6,0.0
2022-12-12,9530,10990,False,0.25,8.3,69.1961,71.2183,0.4,0.0,0.6,0.0
2022-12-13,9537,11148,False,0.35,9.4,69.41199999999999,69.7204,0.4,0.0,0.6,0.0
2022-12-14,10146,11922,False,0.4,10.15,70.51180000000001,70.7096,0.0,0.0,0.2,0.8
2022-12-15,9422,11413,False,0.3,8.25,71.33449999999999,74.46390000000001,0.4,0.0,0.4,0.2
2022-12-16,9297,10829,False,0.3,8.4,69.6902,69.81569999999999,0.4,0.0,0.6,0.0
2022-12-17,9901,11908,False,0.45,10.6,69.4844,72.1984,0.4,0.0,0.2,0.4
2022-12-18,10614,12576,False,0.4,9.95,72.2408,73.60300000000001,0.2,0.0,0.2,0.6
2022-12-19,9813,11494,False,0.35,9.0,69.7692,71.4693,0.4,0.0,0.4,0.2
2022-12-20,8862,10521,False,0.45,10.85,67.6749,68.0933,0.2,0.0,0.8,0.0
2022-12-21,10048,11402,False,0.4,9.35,69.7626,72.7049,0.4,0.0,0.2,0.4
2022-12-22,9479,10900,False,0.35,10.55,67.453,68.4361,0.2,0.0,0.6,0.2
2022-12-23,8932,10988,False,0.4,10.8,66.9678,69.8016,0.2,0.0,0.6,0.2
2022-12-24,10158,12042,False,0.4,10.55,70.5538,71.69930000000001,0.4,0.0,0.4,0.2
2022-12-25,9703,11384,False,0.45,10.6,69.0886,71.5125,0.2,0.0,0.4,0.4
2022-12-26,9956,12404,False,0.5,11.0,71.1345,72.1397,0.6,0.0,0.0,0.4
2022-12-27,9304,11188,False,0.45,10.4,69.1977,70.79270000000001,0.0,0.0,0.8,0.2
2022-12-28,11416,12799,False,0.3,7.35,74.2499,74.7324,0.0,0.0,0.0,1.0
2022-12-29,8737,10778,False,0.0,4.5,72.1849,74.4334,0.4,0.0,0.0,0.6
2022-12-30,9192,10643,False,0.0,4.4,72.7375,75.6216,0.4,0.0,0.0,0.6
2022-12-31,8973,10408,False,0.0,4.95,70.3828,72.4209,0.0,0.0,0.4,0.6
2023-01-01,9668,11144,False,0.35,9.45,69.1237,70.20609999999999,0.8,0.0,0.0,0.2
2023-01-02,10665,12563,False,0.5,11.55,70.1487,71.354,0.4,0.0,0.0,0.6
2023-01-03,10070,11694,False,0.45,10.3,69.4315,70.12939999999999,0.6,0.0,0.2,0.2
2023-01-04,9331,10979,False,0.4,9.5,68.4682,71.56609999999999,1.0,0.0,0.0,0.0
2023-01-05,8963,10470,False,0.15,6.65,70.4174,71.0351,0.4,0.0,0.4,0.2
2023-01-06,9324,10816,False,0.25,7.75,69.27730000000001,72.0417,0.2,0.0,0.6,0.2
2023-01-07,9540,11250,False,0.4,11.1,68.41019999999999,69.5533,0.4,0.0,0.2,0.4
2023-01-08,9892,11534,False,0.4,10.2,68.5296,70.89529999999999,0.8,0.0,0.0,0.2
2023-01-09,9082,10819,False,0.4,10.5,67.9317,69.7067,0.0,0.0,0.4,0.6
2023-01-10,10231,12228,False,0.4,10.05,71.319,74.0445,0.4,0.0,0.0,0.6
2023-01-11,10022,12621,False,0.5,10.7,70.8071,73.0034,0.4,0.0,0.2,0.4
2023-01-12,9235,10906,False,0.35,10.15,68.3039,70.61019999999999,0.4,0.0,0.6,0.0
2023-01-13,10113,11939,False,0.45,11.3,68.327,69.9409,0.6,0.0,0.4,0.0
2023-01-14,9583,11555,False,0.25,7.65,71.7665,72.13380000000001,0.6,0.0,0.0,0.4
2023-01-15,9309,10984,False,0.5,10.6,68.3159,70.05720000000001,0.0,0.0,0.8,0.2
2023-01-16,9644,11400,False,0.15,6.2,71.3753,73.99119999999999,0.6,0.0,0.2,0.2
2023-01-17,9756,11588,False,0.15,6.35,73.0094,74.8228,0.2,0.0,0.0,0.8
2023-01-18,10303,12118,False,0.45,11.6,69.9151,70.8357,0.8,0.0,0.2,0.0
2023-01-19,10117,12119,False,0.35,9.55,71.8162,74.2127,0.2,0.0,0.2,0.6
2023-01-20,10730,12550,False,0.5,11.1,70.6405,71.9963,0.4,0.0,0.2,0.4
2023-01-21,9396,11429,False,0.2,7.9,71.04310000000001,72.8711,0.4,0.0,0.2,0.4
2023-01-22,10261,11543,False,0.45,10.25,69.3694,70.79979999999999,0.2,0.0,0.2,0.6
2023-01-23,10122,12039,False,0.55,12.4,68.91029999999999,70.2081,0.4,0.0,0.4,0.2
2023-01-24,9351,10760,False,0.4,9.65,68.3755,70.2616,0.2,0.0,0.6,0.2
2023-01-25,9655,11162,False,0.3,7.45,70.65010000000001,71.6772,0.0,0.0,0.2,0.8
2023-01-26,9345,11234,False,0.2,7.2,70.935,72.7818,0.2,0.0,0.2,0.6
2023-01-27,8473,10167,False,0.25,7.95,68.47980000000001,70.9212,0.4,0.0,0.6,0.0
2023-01-28,9170,10515,False,0.3,8.4,68.4296,70.9425,0.4,0.0,0.2,0.4
2023-01-29,5636,6296,True,0.0,5.25,61.788999999999994,63.7901,0.4,0.0,0.2,0.4
2023-01-30,5981,6812,True,0.0,4.95,63.172799999999995,65.5412,0.2,0.0,0.2,0.6
2023-01-31,5583,6631,True,0.0,5.35,62.8322,64.1196,0.2,0.0,0.6,0.2
2023-02-01,6110,7042,True,0.25,8.7,61.2671,63.4114,0.0,0.0,0.6,0.4
2023-02-02,6197,7255,True,0.45,10.85,60.8298,61.7618,0.6,0.0,0.0,0.4
2023-02-03,6273,7150,True,0.5,11.4,58.973,62.0202,0.4,0.0,0.4,0.2
2023-02-04,6829,7686,True,0.55,11.75,59.6604,61.04,0.8,0.0,0.2,0.0
2023-02-05,6373,7535,True,0.35,8.8,61.7833,62.768100000000004,0.0,0.0,0.4,0.6
2023-02-06,6092,7173,True,0.35,9.7,60.1968,62.3355,0.4,0.0,0.2,0.4
2023-02-07,5750,6427,True,0.25,7.65,60.732200000000006,62.2891,0.6,0.0,0.4,0.0
2023-02-08,5575,6548,True,0.4,9.7,59.893699999999995,60.803900000000006,0.0,0.0,0.6,0.4
2023-02-09,6736,7771,True,0.55,12.2,60.0286,62.185500000000005,0.6,0.0,0.2,0.2
2023-02-10,6493,7327,True,0.25,7.85,63.150200000000005,64.0205,0.2,0.0,0.2,0.6
2023-02-11,5658,6371,True,0.3,8.0,60.405100000000004,61.817299999999996,0.0,0.0,0.6,0.4
2023-02-12,6121,7535,True,0.45,10.9,61.715900000000005,62.620599999999996,0.4,0.0,0.4,0.2
2023-02-13,6193,7214,True,0.5,11.55,59.3863,60.393699999999995,0.2,0.0,0.4,0.4
2023-02-14,6457,7327,True,0.4,10.15,61.3324,62.400299999999994,0.6,0.0,0.0,0.4
2023-02-15,6522,7141,True,0.25,7.55,62.021899999999995,64.0096,0.2,0.0,0.2,0.6
2023-02-16,5862,6821,True,0.3,8.7,59.4412,60.9498,1.0,0.0,0.0,0.0
2023-02-17,6158,6793,True,0.3,9.0,60.2148,60.9041,0.0,0.0,0.8,0.2
2023-02-18,6283,6986,True,0.25,8.45,61.498000000000005,62.0028,0.2,0.0,0.2,0.6
2023-02-19,6724,7818,True,0.5,11.25,61.4872,62.8126,0.0,0.0,0.4,0.6
2023-02-20,5991,7130,True,0.25,9.35,60.62520000000001,62.7384,0.2,0.0,0.2,0.6
2023-02-21,5550,6939,True,0.25,8.1,61.7471,61.7696,0.4,0.0,0.2,0.4
2023-02-22,6155,7207,True,0.25,7.3,62.1805,65.1614,0.2,0.0,0.2,0.6
2023-02-23,6046,6987,True,0.35,8.75,60.7859,61.1517,0.2,0.0,0.6,0.2
2023-02-24,6675,7796,True,0.45,10.85,61.544399999999996,61.5921,0.0,0.0,0.2,0.8
2023-02-25,5774,6710,True,0.35,9.7,59.7209,60.471599999999995,0.4,0.0,0.6,0.0
2023-02-26,6008,6926,True,0.15,6.9,62.35229999999999,63.2021,0.6,0.0,0.2,0.2
2023-02-27,6668,7805,True,0.45,9.75,61.5993,63.658,0.4,0.0,0.0,0.6
2023-02-28,5974,6839,True,0.35,8.9,60.0129,61.8133,0.2,0.0,0.6,0.2
2023-03-01,9126,11351,False,0.6,13.25,66.3352,69.0921,0.4,0.6,0.0,0.0
2023-03-02,9101,11277,False,0.3,8.4,70.0174,71.7516,0.0,0.2,0.0,0.8
2023-03-03,9600,11564,False,0.4,10.2,68.318,70.3583,0.4,0.2,0.0,0.4
2023-03-04,9086,11797,False,0.5,10.45,69.771,72.508,0.8,0.2,0.0,0.0
2023-03-05,9325,11666,False,0.25,7.75,70.8555,73.5882,0.0,0.2,0.0,0.8
2023-03-06,8852,10478,False,0.35,9.15,67.9834,68.3912,0.6,0.4,0.0,0.0
2023-03-07,9782,11947,False,0.4,10.1,69.6704,70.9716,0.4,0.0,0.0,0.6
2023-03-08,9243,10711,False,0.25,8.2,68.8103,70.34,0.6,0.2,0.0,0.2
2023-03-09,10336,12058,False,0.4,10.35,69.3099,70.5447,0.2,0.0,0.0,0.8
2023-03-10,9537,11282,False,0.4,9.25,69.5907,72.83970000000001,0.4,0.4,0.0,0.2
2023-03-11,8904,10604,False,0.15,7.65,69.5265,68.854,0.2,0.6,0.0,0.2
2023-03-12,10536,11615,False,0.3,9.15,69.7426,70.9766,0.0,0.6,0.0,0.4
2023-03-13,9512,11167,False,0.35,9.45,69.1169,71.1601,0.4,0.4,0.0,0.2
2023-03-14,9746,11044,False,0.45,10.25,67.8184,68.1703,0.2,0.4,0.0,0.4
2023-03-15,11036,13236,False,0.4,9.7,73.00399999999999,73.5987,0.6,0.0,0.0,0.4
2023-03-16,10821,12502,False,0.45,10.25,70.4377,73.6121,0.8,0.0,0.0,0.2
2023-03-17,9595,11354,False,0.45,11.4,67.45909999999999,69.2287,0.2,0.6,0.0,0.2
2023-03-18,9191,11187,False,0.45,10.95,66.6715,70.15270000000001,0.4,0.4,0.0,0.2
2023-03-19,9821,11237,False,0.3,8.2,70.3188,70.0518,0.0,0.6,0.0,0.4
2023-03-20,9108,10586,False,0.3,8.4,68.5934,71.2943,0.2,0.6,0.0,0.2
2023-03-21,9093,11150,False,0.25,8.55,68.9651,70.51689999999999,0.8,0.2,0.0,0.0
2023-03-22,10388,12130,False,0.4,10.05,70.9932,72.2053,0.2,0.4,0.0,0.4
2023-03-23,9697,11838,False,0.45,11.05,69.0111,70.8168,0.8,0.2,0.0,0.0
2023-03-24,10432,11829,False,0.3,8.4,71.3558,73.6771,0.4,0.0,0.0,0.6
2023-03-25,10234,12617,False,0.3,8.5,71.6537,74.9961,0.0,0.0,0.0,1.0
2023-03-26,8583,10121,False,0.25,8.8,67.9029,69.3206,0.0,0.8,0.0,0.2
2023-03-27,9253,10578,False,0.2,7.25,69.5331,71.3704,0.6,0.4,0.0,0.0
2023-03-28,9280,11054,False,0.4,9.75,68.41460000000001,69.2315,0.8,0.2,0.0,0.0
2023-03-29,9227,10392,False,0.0,5.6,69.861,71.2511,0.8,0.2,0.0,0.0
2023-03-30,8625,10237,False,0.0,4.9,71.1061,72.3514,0.6,0.2,0.0,0.2
2023-03-31,9421,10624,False,0.0,4.7,70.9212,73.6942,0.6,0.2,0.0,0.2
2023-04-01,9329,10782,False,0.2,7.8,69.2642,71.2171,0.4,0.4,0.0,0.2
2023-04-02,9612,11156,False,0.3,8.2,69.5791,70.7929,0.6,0.2,0.0,0.2
2023-04-03,8918,10259,False,0.2,6.75,68.7656,68.9674,0.2,0.6,0.0,0.2
2023-04-04,8631,10550,False,0.35,9.45,67.9848,71.1954,0.4,0.4,0.0,0.2
2023-04-05,9243,10921,False,0.45,9.85,68.2154,70.5167,1.0,0.0,0.0,0.0
2023-04-06,9243,10967,False,0.4,9.95,67.9735,69.634,0.6,0.4,0.0,0.0
2023-04-07,9577,11499,False,0.5,11.8,67.0812,68.21600000000001,1.0,0.0,0.0,0.0
2023-04-08,9558,11171,False,0.35,9.7,68.5649,70.1604,0.2,0.4,0.0,0.4
2023-04-09,9419,11717,False,0.35,9.3,70.1065,71.3831,0.4,0.2,0.0,0.4
2023-04-10,10251,11778,False,0.25,8.05,70.9695,72.0928,0.6,0.0,0.0,0.4
2023-04-11,9241,10841,False,0.45,10.35,67.3517,68.5952,0.2,0.8,0.0,0.0
2023-04-12,5507,6464,True,0.25,7.6,60.353,60.421800000000005,0.2,0.6,0.0,0.2
2023-04-13,6219,7000,True,0.2,7.3,62.609300000000005,63.8646,0.6,0.0,0.0,0.4
2023-04-14,5466,6414,True,0.3,9.0,58.974799999999995,60.9824,0.2,0.6,0.0,0.2
2023-04-15,6159,6928,True,0.6,12.3,58.209700000000005,61.055200000000006,0.0,1.0,0.0,0.0
2023-04-16,6321,7318,True,0.4,9.9,60.1044,61.619099999999996,0.0,0.2,0.0,0.8
2023-04-17,6153,6950,True,0.4,10.45,59.7309,61.091899999999995,0.2,0.4,0.0,0.4
2023-04-18,5466,6537,True,0.25,8.15,61.0908,62.1456,0.0,0.6,0.0,0.4
2023-04-19,5760,6641,True,0.45,10.0,59.6696,60.8601,0.2,0.6,0.0,0.2
2023-04-20,6360,7511,True,0.4,10.4,60.42850000000001,62.4209,0.4,0.0,0.0,0.6
2023-04-21,6143,6811,True,0.45,10.1,59.4404,61.0424,0.2,0.6,0.0,0.2
2023-04-22,5527,6379,True,0.15,6.55,60.802600000000005,62.463100000000004,0.6,0.0,0.0,0.4
2023-04-23,6931,8104,True,0.55,11.1,60.2358,61.823100000000004,0.6,0.0,0.0,0.4
2023-04-24,6240,6891,True,0.5,11.35,58.425,60.140600000000006,0.0,0.8,0.0,0.2
2023-04-25,6227,7164,True,0.4,9.2,60.515,61.77269999999999,0.4,0.4,0.0,0.2
2023-04-26,6135,7127,True,0.3,8.3,61.2388,62.7456,0.4,0.4,0.0,0.2
2023-04-27,5399,6442,True,0.35,9.7,58.867700000000006,59.8388,0.6,0.2,0.0,0.2
2023-04-28,5768,6430,True,0.25,7.65,60.228199999999994,62.6854,0.4,0.6,0.0,0.0
2023-04-29,5917,6562,True,0.0,4.55,62.6844,63.6708,0.8,0.2,0.0,0.0
2023-04-30,5446,6510,True,0.0,4.85,62.1542,63.7174,0.4,0.2,0.0,0.4
2023-05-01,5932,6897,True,0.2,8.05,60.6004,62.1997,0.0,0.4,0.0,0.6
2023-05-02,6703,7779,True,0.45,10.85,60.434000000000005,62.755199999999995,0.2,0.0,0.0,0.8
2023-05-03,5336,6196,True,0.35,8.7,58.760600000000004,60.252700000000004,0.0,0.8,0.0,0.2
2023-05-04,6385,7448,True,0.45,10.65,60.8349,62.5211,0.4,0.2,0.0,0.4
2023-05-05,5859,6834,True,0.3,8.8,59.9561,61.1646,0.8,0.2,0.0,0.0
2023-05-06,6329,7347,True,0.3,8.05,62.1,64.0692,0.6,0.0,0.0,0.4
2023-05-07,6416,7352,True,0.55,11.6,59.3574,60.1914,0.0,0.6,0.0,0.4
2023-05-08,6477,7460,True,0.45,9.85,60.5225,62.1132,0.6,0.0,0.0,0.4
2023-05-09,5585,6547,True,0.25,7.9,60.2029,62.3021,0.4,0.4,0.0,0.2
2023-05-10,5965,6992,True,0.35,9.5,60.3793,61.5571,0.4,0.2,0.0,0.4
2023-05-11,6256,7328,True,0.6,12.25,59.53979999999999,60.482600000000005,0.2,0.6,0.0,0.2
2023-05-12,6055,6926,True,0.35,9.0,60.2054,61.421899999999994,0.4,0.4,0.0,0.2
2023-05-13,8890,10898,False,0.3,8.85,68.2653,70.9167,0.6,0.2,0.0,0.2
2023-05-14,8947,11043,False,0.4,9.6,68.2748,71.1782,0.4,0.4,0.0,0.2
2023-05-15,9205,11234,False,0.1,7.55,70.6868,72.0533,0.2,0.0,0.0,0.8
2023-05-16,9957,12759,False,0.3,8.6,72.85810000000001,74.867,0.2,0.2,0.0,0.6
2023-05-17,10185,11778,False,0.45,10.95,68.9527,72.0309,0.4,0.0,0.0,0.6
2023-05-18,10170,12062,False,0.45,10.5,70.0639,70.469,0.4,0.2,0.0,0.4
2023-05-19,10065,11434,False,0.55,13.05,66.01140000000001,68.8655,0.4,0.6,0.0,0.0
2023-05-20,8643,10410,False,0.3,7.65,68.47109999999999,70.5382,0.8,0.2,0.0,0.0
2023-05-21,10317,11872,False,0.5,11.15,68.9393,71.2058,0.6,0.0,0.0,0.4
2023-05-22,9431,11291,False,0.25,8.8,69.679,70.7085,0.4,0.4,0.0,0.2
2023-05-23,9014,10293,False,0.15,6.75,68.6222,71.2698,0.0,0.6,0.0,0.4
2023-05-24,9599,11554,False,0.15,6.35,71.8162,74.9734,0.4,0.2,0.0,0.4
2023-05-25,9537,10898,False,0.35,8.7,69.7079,71.2705,0.0,0.6,0.0,0.4
2023-05-26,10167,12405,False,0.35,9.5,70.3442,72.393,0.4,0.0,0.0,0.6
2023-05-27,9190,10634,False,0.35,9.6,68.0317,69.7087,0.0,0.8,0.0,0.2
2023-05-28,9434,11269,False,0.45,10.4,66.944,68.5297,0.6,0.4,0.0,0.0
2023-05-29,9153,10782,False,0.0,4.4,72.5347,75.3575,0.4,0.0,0.0,0.6
2023-05-30,8615,9633,False,0.0,4.8,68.7339,70.8196,0.4,0.2,0.0,0.4
2023-05-31,8743,9964,False,0.0,5.45,68.4624,71.2157,0.2,0.6,0.0,0.2
2023-06-01,8885,11157,False,0.3,8.15,68.50189999999999,70.5149,0.2,0.6,0.0,0.2
2023-06-02,9332,11231,False,0.2,7.5,70.6902,72.55680000000001,0.0,0.4,0.0,0.6
2023-06-03,9946,11726,False,0.35,9.25,69.42060000000001,70.2719,0.2,0.6,0.0,0.2
2023-06-04,10486,12271,False,0.35,9.7,71.08189999999999,73.0145,0.0,0.4,0.0,0.6
2023-06-05,10307,12687,False,0.35,8.7,72.31729999999999,73.6852,0.6,0.2,0.0,0.2
2023-06-06,10374,12371,False,0.5,11.7,69.0783,70.62,0.2,0.4,0.0,0.4
2023-06-07,11159,13203,False,0.45,10.6,72.0419,73.7974,0.4,0.2,0.0,0.4
2023-06-08,9359,11171,False,0.25,8.35,69.8155,70.8052,0.6,0.2,0.0,0.2
2023-06-09,9995,12093,False,0.35,9.3,71.2815,72.5561,0.2,0.2,0.0,0.6
2023-06-10,9650,11609,False,0.35,8.9,69.3251,73.9599,0.2,0.6,0.0,0.2
2023-06-11,11679,13773,False,0.65,13.2,71.4684,73.2904,0.4,0.0,0.0,0.6
2023-06-12,9836,11224,False,0.25,6.65,70.5939,71.3808,0.4,0.4,0.0,0.2
2023-06-13,9958,11918,False,0.2,7.35,71.3865,73.0377,0.4,0.2,0.0,0.4
2023-06-14,10086,11247,False,0.25,7.4,70.4926,72.2372,0.0,0.4,0.0,0.6
2023-06-15,9747,11784,False,0.2,7.3,70.8932,72.1192,0.8,0.0,0.0,0.2
2023-06-16,11032,12769,False,0.4,10.6,70.79090000000001,72.949,0.4,0.2,0.0,0.4
2023-06-17,9533,11061,False,0.25,7.6,69.9523,72.5319,0.2,0.6,0.0,0.2
2023-06-18,9528,11366,False,0.3,9.05,68.7431,71.50479999999999,0.4,0.6,0.0,0.0
2023-06-19,10897,12444,False,0.35,9.95,70.1167,73.4764,0.2,0.0,0.0,0.8
2023-06-20,11468,13684,False,0.45,10.45,73.2004,72.918,0.2,0.0,0.0,0.8
2023-06-21,9767,11510,False,0.35,9.45,70.1078,71.85640000000001,0.4,0.6,0.0,0.0
2023-06-22,9905,11918,False,0.4,10.1,70.1452,73.0964,0.6,0.0,0.0,0.4
2023-06-23,10480,12324,False,0.45,10.05,70.4609,72.8794,0.4,0.6,0.0,0.0
2023-06-24,9435,10663,False,0.3,9.8,67.0248,69.4017,0.4,0.6,0.0,0.0
2023-06-25,10434,12401,False,0.5,11.4,69.0116,70.2579,0.2,0.6,0.0,0.2
2023-06-26,10336,12238,False,0.4,9.7,70.2713,71.192,0.0,0.6,0.0,0.4
2023-06-27,9743,11298,False,0.4,9.55,69.4819,71.2835,0.2,0.4,0.0,0.4
2023-06-28,10241,12495,False,0.45,10.65,70.5968,71.278,0.2,0.4,0.0,0.4
2023-06-29,10422,11717,False,0.0,4.75,73.4826,75.3601,0.2,0.0,0.0,0.8
2023-06-30,8990,10998,False,0.0,4.7,72.6234,74.7932,0.2,0.6,0.0,0.2
2023-07-01,8967,10172,False,0.2,7.85,67.2787,71.3263,0.2,0.8,0.0,0.0
2023-07-02,10956,13127,False,0.3,9.45,72.15440000000001,75.0321,0.4,0.0,0.0,0.6
2023-07-03,11012,13452,False,0.4,9.9,73.4123,75.91760000000001,0.2,0.0,0.0,0.8
2023-07-04,10892,12867,False,0.5,11.05,70.73649999999999,73.26350000000001,1.0,0.0,0.0,0.0
2023-07-05,9830,11835,False,0.35,8.15,72.68480000000001,73.509,0.8,0.2,0.0,0.0
2023-07-06,9522,11551,False,0.55,11.85,66.7675,68.8168,0.0,1.0,0.0,0.0
2023-07-07,9705,11190,False,0.25,7.9,69.6374,70.5132,0.6,0.4,0.0,0.0
2023-07-08,11858,14093,False,0.55,11.95,72.3926,75.7209,0.2,0.0,0.0,0.8
2023-07-09,10117,11975,False,0.3,8.6,71.1499,71.90220000000001,0.4,0.2,0.0,0.4
2023-07-10,9972,12040,False,0.35,9.65,70.9676,73.6026,0.6,0.2,0.0,0.2
2023-07-11,9682,11555,False,0.35,8.4,70.5659,72.7032,0.2,0.6,0.0,0.2
2023-07-12,10385,11699,False,0.2,7.4,70.7142,72.9742,0.4,0.2,0.0,0.4
2023-07-13,10191,11933,False,0.35,9.8,70.85640000000001,72.5266,0.4,0.4,0.0,0.2
2023-07-14,10101,11494,False,0.25,8.5,69.45689999999999,71.696,0.6,0.4,0.0,0.0
2023-07-15,9346,11275,False,0.35,8.9,68.7776,69.9228,0.0,0.8,0.0,0.2
2023-07-16,9750,12025,False,0.35,9.75,70.7049,73.05810000000001,0.2,0.6,0.0,0.2
2023-07-17,11093,13144,False,0.4,9.2,72.7986,75.36399999999999,0.4,0.2,0.0,0.4
2023-07-18,9541,11005,False,0.3,8.7,68.04390000000001,70.36449999999999,0.2,0.6,0.0,0.2
2023-07-19,10093,11813,False,0.45,11.15,68.1592,70.0463,0.2,0.6,0.0,0.2
2023-07-20,9463,11036,False,0.3,8.45,70.0099,71.0087,0.2,0.8,0.0,0.0
2023-07-21,9884,11206,False,0.15,7.35,70.3196,72.8497,0.0,0.6,0.0,0.4
2023-07-22,10032,12101,False,0.6,12.35,68.6654,70.1642,0.4,0.4,0.0,0.2
2023-07-23,10260,11588,False,0.4,8.9,69.8774,71.0142,0.6,0.2,0.0,0.2
2023-07-24,9637,11439,False,0.25,8.6,69.2574,71.33269999999999,0.0,0.8,0.0,0.2
2023-07-25,10405,11908,False,0.3,8.55,71.5416,73.5919,0.0,0.6,0.0,0.4
2023-07-26,11188,13411,False,0.35,9.1,74.0269,76.2871,0.6,0.0,0.0,0.4
2023-07-27,10109,12255,False,0.4,10.35,69.7285,71.1644,0.8,0.2,0.0,0.0
2023-07-28,11134,13706,False,0.5,10.5,73.9332,74.5496,0.4,0.2,0.0,0.4
2023-07-29,9281,11242,False,0.0,5.45,72.2917,73.6176,0.6,0.2,0.0,0.2
2023-07-30,10254,11419,False,0.0,4.2,72.9266,74.4845,0.2,0.2,0.0,0.6
2023-07-31,8735,10390,False,0.0,5.55,70.375,72.4505,0.0,0.8,0.0,0.2
2023-08-01,10910,12992,False,0.55,11.85,70.2921,71.54220000000001,0.4,0.2,0.0,0.4
2023-08-02,10824,13062,False,0.4,10.15,72.00189999999999,74.0578,0.8,0.0,0.0,0.2
2023-08-03,10446,12267,False,0.4,10.4,70.9511,72.3873,0.2,0.6,0.0,0.2
2023-08-04,9793,11857,False,0.3,9.8,69.6641,72.0852,0.4,0.2,0.0,0.4
2023-08-05,10339,12217,False,0.45,10.75,69.7708,72.2621,0.6,0.2,0.0,0.2
2023-08-06,10220,12370,False,0.4,10.35,70.1983,72.4349,0.8,0.2,0.0,0.0
2023-08-07,9164,11004,False,0.1,6.5,69.9733,72.7535,0.8,0.0,0.0,0.2
2023-08-08,11164,13073,False,0.45,10.35,71.3958,72.3781,0.8,0.0,0.0,0.2
2023-08-09,10456,12102,False,0.5,11.55,69.7207,72.12010000000001,0.4,0.2,0.0,0.4
2023-08-10,11856,13936,False,0.5,11.2,72.6434,74.9546,0.6,0.0,0.0,0.4
2023-08-11,10770,12998,False,0.5,11.0,71.8968,73.015,0.4,0.2,0.0,0.4
2023-08-12,9809,11614,False,0.3,8.25,70.9095,73.0386,0.0,0.6,0.0,0.4
2023-08-13,10003,11547,False,0.4,10.25,70.0182,70.9102,0.2,0.4,0.0,0.4
2023-08-14,9925,11887,False,0.25,7.2,71.6796,73.07260000000001,0.0,0.6,0.0,0.4
2023-08-15,10561,12220,False,0.2,7.05,72.5279,75.6156,0.0,0.0,0.0,1.0
2023-08-16,10356,12474,False,0.25,8.2,72.4609,73.5281,0.4,0.4,0.0,0.2
2023-08-17,10352,12113,False,0.35,8.75,71.0887,72.0887,0.6,0.2,0.0,0.2
2023-08-18,10447,11682,False,0.45,10.7,69.19,69.9471,0.6,0.2,0.0,0.2
2023-08-19,9694,11596,False,0.25,7.75,70.5486,72.3952,0.6,0.2,0.0,0.2
2023-08-20,9980,12130,False,0.25,8.5,71.0286,71.5916,0.6,0.4,0.0,0.0
2023-08-21,9783,11657,False,0.55,12.2,66.3679,69.3546,0.4,0.4,0.0,0.2
2023-08-22,10477,12319,False,0.45,10.5,69.6373,73.2375,0.6,0.2,0.0,0.2
2023-08-23,10046,11849,False,0.4,10.4,70.1949,71.9616,0.2,0.6,0.0,0.2
2023-08-24,10042,11440,False,0.2,7.75,70.8075,71.0478,0.8,0.0,0.0,0.2
2023-08-25,9899,10902,False,0.25,8.6,69.2379,70.01480000000001,0.2,0.6,0.0,0.2
2023-08-26,9740,11727,False,0.3,9.0,69.8681,70.5658,0.2,0.4,0.0,0.4
2023-08-27,10778,13136,False,0.4,10.35,72.5271,74.66159999999999,0.2,0.2,0.0,0.6
2023-08-28,9533,11091,False,0.2,7.65,69.94409999999999,72.4199,0.4,0.6,0.0,0.0
2023-08-29,9122,10332,False,0.0,5.0,69.7889,71.7028,0.4,0.6,0.0,0.0
2023-08-30,10322,12047,False,0.0,5.2,73.498,74.4417,0.4,0.0,0.0,0.6
2023-08-31,9051,10703,False,0.0,4.75,70.7624,74.413,0.4,0.4,0.0,0.2
2023-09-01,9532,11096,False,0.35,9.55,68.79260000000001,71.3587,0.6,0.0,0.0,0.4
2023-09-02,8417,9745,False,0.35,9.95,65.73949999999999,67.3396,0.0,0.6,0.2,0.2
2023-09-03,9007,11039,False,0.35,9.25,68.998,71.7116,0.4,0.2,0.4,0.0
2023-09-04,9009,10748,False,0.3,8.45,69.6088,70.5679,0.4,0.4,0.0,0.2
2023-09-05,10209,12272,False,0.45,10.85,69.69720000000001,72.8597,0.2,0.0,0.0,0.8
2023-09-06,9316,10843,False,0.3,8.1,68.5544,69.738,0.2,0.0,0.4,0.4
2023-09-07,9192,10580,False,0.5,11.3,66.131,69.3331,0.2,0.8,0.0,0.0
2023-09-08,8960,9754,False,0.25,8.1,66.9205,68.8293,0.0,0.6,0.2,0.2
2023-09-09,9126,10666,False,0.45,9.8,68.32130000000001,69.5651,0.2,0.6,0.0,0.2
2023-09-10,9407,10707,False,0.45,10.75,67.6441,69.3062,0.4,0.4,0.2,0.0
2023-09-11,10243,11462,False,0.3,8.4,70.6006,71.40140000000001,0.2,0.2,0.0,0.6
2023-09-12,8738,10163,False,0.15,7.3,69.0466,69.5975,0.6,0.4,0.0,0.0
2023-09-13,8985,11136,False,0.4,10.1,67.67569999999999,70.8858,0.0,0.4,0.4,0.2
2023-09-14,9470,10798,False,0.35,9.75,68.8003,71.09609999999999,0.2,0.2,0.0,0.6
2023-09-15,9386,10891,False,0.5,11.05,67.1964,68.6846,0.8,0.2,0.0,0.0
2023-09-16,8957,10179,False,0.35,8.9,67.9435,68.8115,0.0,0.6,0.2,0.2
2023-09-17,9660,10944,False,0.35,8.8,69.50970000000001,72.1953,1.0,0.0,0.0,0.0
2023-09-18,9173,10400,False,0.4,10.2,67.09,69.0359,0.2,0.8,0.0,0.0
2023-09-19,9438,10923,False,0.35,8.2,69.64309999999999,71.6891,0.4,0.2,0.2,0.2
2023-09-20,8596,10327,False,0.15,6.55,69.9007,70.7912,0.0,0.4,0.2,0.4
2023-09-21,8888,10494,False,0.2,7.85,68.9747,71.00569999999999,0.2,0.4,0.0,0.4
2023-09-22,9732,11195,False,0.6,12.35,66.90100000000001,69.0489,0.2,0.2,0.4,0.2
2023-09-23,10911,11964,False,0.45,10.0,71.2031,73.5145,0.4,0.0,0.0,0.6
2023-09-24,8479,10261,False,0.35,8.9,67.1421,68.405,0.0,0.4,0.4,0.2
2023-09-25,9386,10739,False,0.3,8.3,69.3045,71.7875,0.2,0.0,0.4,0.4
2023-09-26,8860,10070,False,0.2,7.85,67.8435,69.95020000000001,0.6,0.2,0.2,0.0
2023-09-27,9144,10686,False,0.35,9.0,68.1437,69.08449999999999,0.4,0.2,0.4,0.0
2023-09-28,9341,10866,False,0.5,10.9,68.1654,70.0014,0.4,0.2,0.2,0.2
2023-09-29,8721,10336,False,0.0,4.9,70.3843,71.1341,0.4,0.2,0.0,0.4
2023-09-30,7723,9041,False,0.0,4.4,68.1715,71.9484,0.0,0.2,0.6,0.2
2023-10-01,9429,10647,False,0.25,7.95,69.5817,70.3201,0.0,0.6,0.0,0.4
2023-10-02,10394,12369,False,0.55,12.15,69.0881,71.9486,0.2,0.2,0.0,0.6
2023-10-03,8685,9897,False,0.3,7.9,67.49810000000001,69.555,0.4,0.4,0.2,0.0
2023-10-04,9141,10547,False,0.3,8.35,68.6944,71.0767,0.6,0.4,0.0,0.0
2023-10-05,9259,10346,False,0.25,7.15,68.6875,71.47970000000001,0.0,0.0,0.6,0.4
2023-10-06,9354,10798,False,0.25,8.25,69.4946,71.1124,0.6,0.2,0.0,0.2
2023-10-07,5501,6534,True,0.4,9.95,58.9217,60.6338,0.0,0.8,0.2,0.0
2023-10-08,6050,7036,True,0.45,10.0,59.3813,60.7993,0.4,0.4,0.0,0.2
2023-10-09,6131,6819,True,0.35,9.75,59.343999999999994,60.336099999999995,0.6,0.2,0.0,0.2
2023-10-10,5614,6423,True,0.35,9.5,58.8696,62.708,0.4,0.4,0.2,0.0
2023-10-11,5770,6792,True,0.25,7.8,60.4379,62.1351,0.0,0.4,0.2,0.4
2023-10-12,6613,7446,True,0.55,11.15,60.2308,62.3865,0.2,0.6,0.0,0.2
2023-10-13,5858,6855,True,0.35,9.3,60.0257,60.346000000000004,0.2,0.2,0.4,0.2
2023-10-14,5805,6704,True,0.4,10.4,59.570100000000004,61.676899999999996,0.0,0.8,0.0,0.2
2023-10-15,5847,6942,True,0.15,6.6,61.77270000000001,63.9238,0.4,0.4,0.0,0.2
2023-10-16,5509,6348,True,0.2,6.9,61.111000000000004,63.3498,0.4,0.4,0.2,0.0
2023-10-17,6904,7726,True,0.45,11.3,61.408699999999996,61.9626,0.4,0.0,0.2,0.4
2023-10-18,5991,6990,True,0.6,12.4,58.4155,60.1445,0.4,0.4,0.2,0.0
2023-10-19,6461,7256,True,0.55,11.25,59.953199999999995,60.3212,0.0,0.2,0.4,0.4
2023-10-20,5932,6584,True,0.3,8.65,59.324600000000004,62.0443,0.0,0.0,0.6,0.4
2023-10-21,6096,7074,True,0.4,9.35,60.5105,61.7452,0.4,0.0,0.2,0.4
2023-10-22,5854,6491,True,0.3,9.95,58.845,60.4537,0.4,0.0,0.4,0.2
2023-10-23,6466,7341,True,0.55,11.75,60.472300000000004,62.055,0.4,0.0,0.4,0.2
2023-10-24,5117,5859,True,0.15,6.75,60.728699999999996,60.6278,0.0,0.0,0.8,0.2
2023-10-25,9648,11583,False,0.4,9.75,69.8844,71.6916,0.6,0.0,0.2,0.2
2023-10-26,8793,11402,False,0.4,11.1,67.8567,69.237,0.6,0.0,0.0,0.4
2023-10-27,8842,10899,False,0.15,7.05,71.0065,71.5835,0.2,0.0,0.0,0.8
2023-10-28,9825,12170,False,0.4,10.35,69.76989999999999,72.33,0.0,0.0,0.4,0.6
2023-10-29,8376,9843,False,0.0,5.0,69.0622,70.2366,0.4,0.0,0.2,0.4
2023-10-30,8096,9452,False,0.0,4.6,68.734,70.3374,0.4,0.4,0.2,0.0
2023-10-31,7913,9417,False,0.0,4.55,69.1675,72.4683,0.0,0.6,0.0,0.4
2023-11-01,9548,11037,False,0.4,10.0,69.3189,70.42399999999999,0.2,0.8,0.0,0.0
2023-11-02,10028,11849,False,0.4,10.15,69.9682,71.6515,0.2,0.0,0.0,0.8
2023-11-03,9426,10628,False,0.5,11.45,65.7741,68.67779999999999,0.4,0.6,0.0,0.0
2023-11-04,9049,10763,False,0.4,10.5,67.2454,67.77680000000001,0.2,0.0,0.6,0.2
2023-11-05,9015,10618,False,0.4,10.15,68.1031,69.5943,0.4,0.0,0.6,0.0
2023-11-06,8009,9587,False,0.1,6.05,68.7025,69.0878,0.0,0.2,0.8,0.0
2023-11-07,9219,10765,False,0.25,8.2,69.1847,72.1867,0.2,0.0,0.4,0.4
2023-11-08,9449,11283,False,0.5,11.75,67.044,69.1014,0.2,0.0,0.4,0.4
2023-11-09,9277,10701,False,0.35,9.45,68.3133,68.4388,0.2,0.6,0.2,0.0
2023-11-10,9052,10396,False,0.35,9.35,67.29390000000001,69.4032,0.2,0.6,0.0,0.2
2023-11-11,9641,11353,False,0.3,8.4,69.9292,71.9193,0.0,0.4,0.2,0.4
2023-11-12,9460,11309,False,0.45,11.45,67.8176,69.6737,0.2,0.4,0.0,0.4
2023-11-13,9078,10543,False,0.35,9.6,67.459,68.8208,0.4,0.0,0.4,0.2
2023-11-14,9093,10239,False,0.35,9.45,67.01010000000001,70.0016,0.2,0.4,0.4,0.0
2023-11-15,9512,11353,False,0.5,11.1,68.4144,70.5557,0.0,0.2,0.4,0.4
2023-11-16,8987,10298,False,0.15,6.05,70.548,71.93,0.8,0.0,0.2,0.0
2023-11-17,8605,9934,False,0.3,7.95,68.2971,68.8629,0.2,0.0,0.6,0.2
2023-11-18,9714,11587,False,0.6,12.85,68.0936,69.9048,0.0,0.0,0.4,0.6
2023-11-19,9362,11272,False,0.35,8.95,69.6901,71.16890000000001,0.4,0.0,0.0,0.6
2023-11-20,8715,9817,False,0.3,9.05,68.438,67.2335,0.2,0.8,0.0,0.0
2023-11-21,9086,10578,False,0.4,10.3,67.2335,68.4448,0.2,0.2,0.2,0.4
2023-11-22,9483,11307,False,0.35,9.95,69.9887,70.89529999999999,0.4,0.0,0.2,0.4
2023-11-23,9376,11080,False,0.5,11.2,67.6872,70.1397,0.4,0.6,0.0,0.0
2023-11-24,8838,10316,False,0.2,7.7,68.0234,69.1592,0.8,0.0,0.2,0.0
2023-11-25,8591,10158,False,0.35,9.7,66.97489999999999,69.7319,0.0,0.4,0.6,0.0
2023-11-26,9044,10354,False,0.4,9.6,67.44810000000001,67.7049,0.0,0.2,0.4,0.4
2023-11-27,9540,11318,False,0.25,8.35,70.5692,72.3612,0.2,0.2,0.0,0.6
2023-11-28,8404,9905,False,0.25,8.15,67.1805,70.2849,0.2,0.6,0.2,0.0
2023-11-29,9197,10610,False,0.0,4.8,72.2179,74.2458,0.0,0.2,0.0,0.8
2023-11-30,8776,9890,False,0.0,4.85,70.34859999999999,72.1758,0.6,0.4,0.0,0.0
2023-12-01,9466,11626,False,0.4,10.5,70.12010000000001,70.7152,0.4,0.0,0.2,0.4
2023-12-02,10362,11816,False,0.45,10.3,69.9996,71.8848,0.8,0.0,0.2,0.0
2023-12-03,9483,11143,False,0.35,9.05,68.9557,71.04230000000001,0.4,0.0,0.4,0.2
2023-12-04,9687,11150,False,0.4,10.5,68.9497,70.9892,0.4,0.0,0.2,0.4
2023-12-05,9129,10942,False,0.35,8.9,69.5487,71.6241,0.4,0.0,0.2,0.4
2023-12-06,11327,12701,False,0.55,11.55,71.1732,72.1443,0.0,0.0,0.0,1.0
2023-12-07,9915,11461,False,0.2,7.05,71.6854,72.6206,0.6,0.0,0.0,0.4
2023-12-08,9430,10967,False,0.3,8.9,69.9511,72.0195,0.6,0.0,0.4,0.0
2023-12-09,8769,10302,False,0.35,9.95,66.9636,69.1942,0.0,0.0,0.6,0.4
2023-12-10,9624,10770,False,0.35,9.75,67.93260000000001,69.60600000000001,0.2,0.0,0.8,0.0
2023-12-11,8767,9679,False,0.4,11.0,65.1093,67.8985,0.0,0.0,1.0,0.0
2023-12-12,9584,11853,False,0.55,11.85,69.14659999999999,71.09649999999999,0.0,0.0,0.6,0.4
2023-12-13,10508,11992,False,0.25,8.55,71.7624,73.2611,0.2,0.0,0.0,0.8
2023-12-14,9745,11385,False,0.2,7.3,70.7266,73.2162,0.4,0.0,0.0,0.6
2023-12-15,9090,10994,False,0.4,10.3,68.0278,70.6499,0.0,0.0,0.8,0.2
2023-12-16,9161,10445,False,0.4,10.45,66.4388,69.0341,0.4,0.0,0.4,0.2
2023-12-17,9184,11106,False,0.5,10.95,68.2968,69.9738,0.8,0.0,0.2,0.0
2023-12-18,10282,11890,False,0.35,9.35,71.1565,73.67479999999999,0.4,0.0,0.2,0.4
2023-12-19,9249,11331,False,0.3,7.9,71.0602,72.1013,0.2,0.0,0.2,0.6
2023-12-20,8916,10632,False,0.25,8.0,70.1065,71.66810000000001,0.0,0.0,0.8,0.2
2023-12-21,10693,12396,False,0.3,9.35,71.8096,74.9497,0.2,0.0,0.0,0.8
2023-12-22,9783,11691,False,0.5,10.75,68.7184,70.2542,0.2,0.0,0.4,0.4
2023-12-23,9588,11032,False,0.4,9.6,67.774,68.3884,0.2,0.0,0.8,0.0
2023-12-24,10491,11920,False,0.35,9.25,70.0927,72.7585,0.4,0.0,0.2,0.4
2023-12-25,8639,9871,False,0.25,8.1,67.46560000000001,71.2664,0.2,0.0,0.8,0.0
2023-12-26,9687,11544,False,0.25,8.0,70.8887,72.40180000000001,0.2,0.0,0.4,0.4
2023-12-27,6136,7180,True,0.4,10.4,60.786899999999996,61.739399999999996,0.2,0.0,0.6,0.2
2023-12-28,6029,7006,True,0.25,7.6,61.3142,64.259,0.2,0.0,0.4,0.4
2023-12-29,6267,6941,True,0.0,4.1,64.1279,65.3545,0.0,0.0,0.4,0.6
2023-12-30,5316,6223,True,0.0,4.95,61.8922,62.9561,0.4,0.0,0.4,0.2
2023-12-31,5783,6400,True,0.0,4.8,62.2768,64.02590000000001,0.4,0.0,0.2,0.4
2024-01-01,6030,6934,True,0.35,8.95,60.3975,61.8564,0.8,0.0,0.0,0.2
2024-01-02,6106,7175,True,0.25,7.5,61.930699999999995,63.8737,0.4,0.0,0.2,0.4
2024-01-03,6268,7110,True,0.4,10.3,60.2612,62.038000000000004,0.6,0.0,0.4,0.0
2024-01-04,5661,6430,True,0.35,9.0,59.5479,63.037600000000005,0.2,0.0,0.6,0.2
2024-01-05,6598,7707,True,0.55,12.25,59.7922,61.8054,0.2,0.0,0.0,0.8
2024-01-06,6655,7302,True,0.25,9.0,61.093,62.8319,0.8,0.0,0.0,0.2
2024-01-07,6003,6946,True,0.35,8.45,60.973800000000004,62.0565,0.2,0.0,0.6,0.2
2024-01-08,5620,7143,True,0.4,9.6,61.2001,62.4079,0.4,0.0,0.2,0.4
2024-01-09,8533,10083,False,0.4,9.5,66.1692,69.0892,0.2,0.0,0.8,0.0
2024-01-10,8277,10060,False,0.3,8.2,67.3651,69.2322,0.4,0.0,0.6,0.0
2024-01-11,9323,11324,False,0.4,11.05,68.2043,70.6737,0.0,0.0,0.6,0.4
2024-01-12,8508,10648,False,0.25,8.8,68.95609999999999,69.2044,0.6,0.0,0.2,0.2
2024-01-13,9926,11844,False,0.4,10.75,69.8462,71.47149999999999,0.6,0.0,0.0,0.4
2024-01-14,8990,10186,False,0.15,6.55,69.2188,71.7344,0.6,0.0,0.4,0.0
2024-01-15,8671,10523,False,0.15,7.6,68.2943,70.7851,0.8,0.0,0.0,0.2
2024-01-16,9078,10437,False,0.55,12.3,65.9708,67.2461,0.2,0.0,0.8,0.0
2024-01-17,8736,10122,False,0.35,10.1,66.807,67.9523,0.6,0.0,0.4,0.0
2024-01-18,9429,11301,False,0.3,8.75,69.7633,71.47019999999999,0.2,0.0,0.2,0.6
2024-01-19,7990,9017,False,0.25,7.5,66.1842,67.817,0.0,0.0,0.8,0.2
2024-01-20,10914,12846,False,0.45,10.25,73.1811,74.824,0.0,0.0,0.0,1.0
2024-01-21,8563,10348,False,0.45,11.3,66.6865,68.8057,0.4,0.0,0.6,0.0
2024-01-22,9639,11927,False,0.4,9.8,70.5339,72.1713,0.2,0.0,0.2,0.6
2024-01-23,8370,9479,False,0.25,8.3,66.25399999999999,68.7106,0.4,0.0,0.6,0.0
2024-01-24,10051,11386,False,0.55,12.85,67.09909999999999,68.7761,0.4,0.0,0.4,0.2
2024-01-25,10028,11794,False,0.3,8.25,71.1391,72.8876,0.2,0.0,0.0,0.8
2024-01-26,9184,11182,False,0.3,8.85,70.8404,72.6634,0.4,0.0,0.2,0.4
2024-01-27,9598,11540,False,0.55,11.65,67.4838,70.9084,0.2,0.0,0.6,0.2
2024-01-28,9942,11440,False,0.35,9.25,69.90100000000001,72.1593,0.8,0.0,0.0,0.2
2024-01-29,8802,10268,False,0.0,5.1,71.0631,70.1859,0.4,0.0,0.4,0.2
2024-01-30,8425,9657,False,0.0,4.85,70.1447,70.391,0.0,0.0,0.8,0.2
